CompanyRegistrationNumber,officerName,officerPosition,officerStartDate,officerEndDate,officerNationality,officerOccupation
357963,TINA CAROLINE WALKER,secretary,01/05/2002,ACTIVE,BRITISH CITIZEN,NIL
357963,SARAH VIRGINIA BRINTON,director,05/07/2013,ACTIVE,BRITISH,MEMBER OF THE HOUSE OF LORDS
357963,AMANDA CAROLINE CORMACK,director,21/03/2003,ACTIVE,BRITISH,CONSULTANT
357963,PEADAR DOMINIC CREMIN,director,03/03/2003,ACTIVE,IRISH,RETIRED
357963,ALISON RACHEL GOLDSWORTHY,director,16/03/2012,ACTIVE,BRITISH,COMPANY DIRECTOR
357963,CHRISTOPHER JOHN GREENFIELD,director,29/09/1991,ACTIVE,BRITISH,HEADMASTER
357963,NICHOLAS BARTON HARVEY,director,21/03/2014,ACTIVE,BRITISH,COMPANY DIRECTOR
357963,ANDREW COLIN NEAL,director,19/10/2008,ACTIVE,BRITISH,CONSULTANT
357963,AMANDA CAROLINE CORMACK,director,21/03/2003,24/06/2016,BRITISH,CONSULTANT
357963,LISA SMART,director,24/06/2016,ACTIVE,BRITISH,COUNCILLOR
357963,SUSAN LESLEY MENDUS,director,24/06/2016,ACTIVE,BRITISH,RETIRED PROFESSOR OF POLITICAL PHILOSOPH
357963,AMY DALRYMPLE,director,24/06/2016,ACTIVE,BRITISH,"HEAD OF POLICY, ALZHEIMER SCOTLAND"
357963,JULIAN LEON HUPPERT,director,24/06/2016,ACTIVE,BRITISH,ACADEMIC AND POLITICIAN
357963,ALISON RACHEL GOLDSWORTHY,director,16/03/2012,ACTIVE,BRITISH,COMPANY DIRECTOR
2810840,JOHN PATRICK KEEHAN,secretary,01/05/2005,ACTIVE,BRITISH,ACCOUNTANT
2810840,VINCENT CORRIGAN,director,04/02/2015,ACTIVE,BRITISH,COMPANY DIRECTOR
2810840,PAUL FRANCIS DEACY,director,16/02/2015,ACTIVE,BRITISH,DIRECTOR
2810840,ANTONY JOHN DOUGLAS,director,01/02/2010,ACTIVE,BRITISH,DIRECTOR
2810840,JOHN KEITH ELLIOTT,director,01/05/2005,ACTIVE,BRITISH,COMPANY DIRECTOR
2810840,JOHN PATRICK KEEHAN,director,01/05/2005,ACTIVE,BRITISH,ACCOUNTANT
2810840,BRENDAN MARTIN KERR,director,20/07/2000,ACTIVE,IRISH,DIRECTOR
2810840,JOHN RICHARD PRICE,director,01/02/2006,ACTIVE,BRITISH,CONSTRUCTION
2810840,PHILIP REGINALD PRICE,director,01/06/2010,ACTIVE,BRITISH,DIRECTOR
2810840,PETER KONRAD SUCHY,director,01/05/2005,ACTIVE,BRITISH,QUANTITY SURVEYOR
1796207,CHRISTOPHER GIBBISON,secretary,10/09/1997,ACTIVE,BRITISH,ACCOUNTANT
1796207,GRAEME BEALES,director,06/10/2015,ACTIVE,BRITISH,DIRECTOR
1796207,JANE LEE-PRUDHOE,director,06/10/2015,ACTIVE,BRITISH,DIRECTOR
1796207,ADAM STEPHENSON,director,06/10/2015,ACTIVE,BRITISH,DIRECTOR
1796207,MICHAEL JOHN STEPHENSON,director,31/10/1991,ACTIVE,BRITISH,DIRECTOR
7222231,ANTHONY PATRICK MCCOURT,director,13/04/2010,ACTIVE,BRITISH,PROPERTY DEVELOPER
NI013472,BARBARA ANN MCDOWELL,secretary,29/03/1979,ACTIVE,BRITISH,NIL
NI013472,BARBARA ANN MCDOWELL,director,29/03/1979,ACTIVE,BRITISH,DIRECTOR
NI013472,RONALD MCDOWELL,director,29/03/1979,ACTIVE,BRITISH,PROPERTY DEVELOPER
NI013472,PETER JOHN RAWLING,director,01/01/2015,ACTIVE,BRITISH,CHARTERED SURVEYOR
8522892,SANDRA JOY LAWMAN,director,09/05/2013,ACTIVE,BRITISH,CHIEF OPERATING OFFICER
8522892,MARK EDWARD PURSEY,director,09/05/2013,ACTIVE,BRITISH,MANAGING PARTNER
3547158,NEIL EDWARD JOHN HAMPSON,secretary,01/11/2007,ACTIVE,BRITISH,NIL
3547158,DAVID PETER BENGE,director,01/05/2015,ACTIVE,BRITISH,DIRECTOR
3547158,SARAH DAVIDSON,director,01/09/2011,ACTIVE,BRITISH,DIRECTOR
3547158,STUART JOHN EARL,director,01/05/2014,ACTIVE,BRITISH,DIRECTOR
3547158,NEIL EDWARD JOHN HAMPSON,director,01/06/2007,ACTIVE,BRITISH,CHARTERED ACCOUNTANT
3547158,MICHELLE MELVIN,director,01/06/2007,ACTIVE,BRITISH,COMPANY DIRECTOR
3547158,IAN JOHN MILLER,director,23/03/1999,ACTIVE,BRITISH,CHARTERED QUANTITY SURVEYOR
3547158,ROSS PHILIP SAVAGE,director,01/02/2007,ACTIVE,BRITISH,CHARTERED SURVEYOR
3547158,STUART SENIOR,director,01/01/2007,ACTIVE,BRITISH,CHARTERED SURVEYOR
3547158,RICHARD PETER STEER,director,23/03/1999,ACTIVE,BRITISH,CHARTERED QUANTITY SURVEYOR
3547158,GARY CHURCH,director,01/02/2016,ACTIVE,BRITISH,DIRECTOR
3547158,GREGORY DAVID HUGHES,director,01/05/2016,ACTIVE,BRITISH,DIRECTOR
SC271815,FRANCIS BRUCE TULLOCH,secretary,10/08/2004,ACTIVE,BRITISH,NIL
SC271815,GEORGE FRANK SMITH,director,11/01/2005,ACTIVE,BRITISH,DIRECTOR
SC271815,FRANCIS BRUCE TULLOCH,director,10/08/2004,ACTIVE,BRITISH,DIRECTOR
5887591,ASIF HAROON AZIZ,director,30/07/2013,ACTIVE,BRITISH,INVESTOR
5887591,ROBERT J HOADLEY,director,03/08/2006,ACTIVE,BRITISH,CHARTERED SURVEYOR
5887591,ROBERT JAMES HOADLEY,director,03/08/2006,ACTIVE,BRITISH,CHARTERED SURVEYOR
483844,BARRY PETER SWIERS,secretary,29/07/2003,ACTIVE,BRITISH,COMPANY SECRETARY
483844,JOHN GUTHRIE,director,30/09/1991,ACTIVE,BRITISH,DIRECTOR
483844,PETER JOHN GUTHRIE,director,29/07/2003,ACTIVE,BRITISH,COMPANY DIRECTOR
483844,RICHARD GUTHRIE,director,29/07/2003,ACTIVE,BRITISH,COMPANY DIRECTOR
483844,JAMES MAXWELL HILL,director,16/11/2010,ACTIVE,BRITISH,SURVEYOR
483844,MARTIN ROBSON,director,31/01/2005,ACTIVE,BRITISH,ACCOUNTANT
483844,RONALD GRAHAM URQUHART,director,29/03/2010,ACTIVE,BRITISH,COMPANY DIRECTOR
357963,TINA CAROLINE WALKER,secretary,01/05/2002,ACTIVE,BRITISH CITIZEN,NIL
357963,SARAH VIRGINIA BRINTON,director,05/07/2013,ACTIVE,BRITISH,MEMBER OF THE HOUSE OF LORDS
357963,AMANDA CAROLINE CORMACK,director,21/03/2003,ACTIVE,BRITISH,CONSULTANT
357963,PEADAR DOMINIC CREMIN,director,03/03/2003,ACTIVE,IRISH,RETIRED
357963,ALISON RACHEL GOLDSWORTHY,director,16/03/2012,ACTIVE,BRITISH,COMPANY DIRECTOR
357963,CHRISTOPHER JOHN GREENFIELD,director,29/09/1991,ACTIVE,BRITISH,HEADMASTER
357963,NICHOLAS BARTON HARVEY,director,21/03/2014,ACTIVE,BRITISH,COMPANY DIRECTOR
357963,ANDREW COLIN NEAL,director,19/10/2008,ACTIVE,BRITISH,CONSULTANT
357963,AMANDA CAROLINE CORMACK,director,21/03/2003,24/06/2016,BRITISH,CONSULTANT
357963,LISA SMART,director,24/06/2016,ACTIVE,BRITISH,COUNCILLOR
357963,SUSAN LESLEY MENDUS,director,24/06/2016,ACTIVE,BRITISH,RETIRED PROFESSOR OF POLITICAL PHILOSOPH
357963,AMY DALRYMPLE,director,24/06/2016,ACTIVE,BRITISH,"HEAD OF POLICY, ALZHEIMER SCOTLAND"
357963,JULIAN LEON HUPPERT,director,24/06/2016,ACTIVE,BRITISH,ACADEMIC AND POLITICIAN
357963,ALISON RACHEL GOLDSWORTHY,director,16/03/2012,ACTIVE,BRITISH,COMPANY DIRECTOR
1954085,JEREMY ROBIN KAYE,secretary,07/06/1991,ACTIVE,BRITISH,NIL
1954085,HENRY ANGEST,director,07/06/1991,ACTIVE,BRITISH-SWISS,COMPANY DIRECTOR
1954085,JAMES ROBERT COBB,director,01/11/2008,ACTIVE,BRITISH,CHARTERED ACCOUNTANT
1954085,IAN ANDREW DEWAR,director,01/08/2015,ACTIVE,BRITISH,CHARTERED ACCOUNTANT
1954085,JAMES WILLIAM FLEMING,director,01/03/2012,ACTIVE,BRITISH,BANKER
1954085,RUTH JANE LEA,director,01/11/2005,ACTIVE,BRITISH,ECONOMIST
1954085,PAUL ANTHONY LYNAM,director,13/09/2010,ACTIVE,BRITISH,NONE
1954085,CHRISTOPHER JOHN ROME MEYER,director,01/10/2007,ACTIVE,BRITISH,CHAIRMAN OF PRESS COMPLAINTS C
1954085,ANDREW ALFRED SALMON,director,08/03/2004,ACTIVE,BRITISH,BANKER
1954085,ROBERT JOSEPH JOHNSTONE WICKHAM,director,06/12/1993,ACTIVE,BRITISH,BANKER
1954085,RUTH JANE LEA,director,01/11/2005,05/05/2016,BRITISH,ECONOMIST
1954085,IAN ARTHUR HENDERSON,director,06/05/2016,ACTIVE,BRITISH,BANKER
1954085,ALAN COLIN DRAKE YARROW,director,10/06/2016,ACTIVE,BRITISH,NONE
1954085,PAUL ANTHONY LYNAM,director,13/09/2010,ACTIVE,BRITISH,NONE
SC307960,JOANNE CRUDEN,secretary,06/09/2006,ACTIVE,BRITISH,NIL
SC307960,BRIAN GILLIES,director,12/02/2015,ACTIVE,BRITSH,INVESTOR
5422389,STUART VICTOR ADAMSON,secretary,12/04/2005,ACTIVE,BRITISH,NIL
5422389,STUART VICTOR ADAMSON,director,29/11/2006,ACTIVE,BRITISH,CHARTERED ACCOUNTANT
5422389,GARY DAVID MEDLOW,director,29/11/2006,ACTIVE,BRITISH,DIRECTOR
3275808,RUMI VERJEE,secretary,30/06/2004,ACTIVE,BRITISH,COMPANY CHAIRMAN
3275808,KHALED VERJEE,director,09/01/2013,ACTIVE,CANADIAN,BUSINESSMAN
3275808,RUMI VERJEE,director,25/11/1996,ACTIVE,BRITISH,COMPANY DIRECTOR
8478454,HAMISH MACGREGOR OGSTON,director,23/04/2013,ACTIVE,BRITISH,DIRECTOR
8478454,HUGH PATRICK SANT WACE,director,22/05/2013,ACTIVE,BRITISH,NONE
357963,TINA CAROLINE WALKER,secretary,01/05/2002,ACTIVE,BRITISH CITIZEN,NIL
357963,SARAH VIRGINIA BRINTON,director,05/07/2013,ACTIVE,BRITISH,MEMBER OF THE HOUSE OF LORDS
357963,AMANDA CAROLINE CORMACK,director,21/03/2003,ACTIVE,BRITISH,CONSULTANT
357963,PEADAR DOMINIC CREMIN,director,03/03/2003,ACTIVE,IRISH,RETIRED
357963,ALISON RACHEL GOLDSWORTHY,director,16/03/2012,ACTIVE,BRITISH,COMPANY DIRECTOR
357963,CHRISTOPHER JOHN GREENFIELD,director,29/09/1991,ACTIVE,BRITISH,HEADMASTER
357963,NICHOLAS BARTON HARVEY,director,21/03/2014,ACTIVE,BRITISH,COMPANY DIRECTOR
357963,ANDREW COLIN NEAL,director,19/10/2008,ACTIVE,BRITISH,CONSULTANT
357963,AMANDA CAROLINE CORMACK,director,21/03/2003,24/06/2016,BRITISH,CONSULTANT
357963,LISA SMART,director,24/06/2016,ACTIVE,BRITISH,COUNCILLOR
357963,SUSAN LESLEY MENDUS,director,24/06/2016,ACTIVE,BRITISH,RETIRED PROFESSOR OF POLITICAL PHILOSOPH
357963,AMY DALRYMPLE,director,24/06/2016,ACTIVE,BRITISH,"HEAD OF POLICY, ALZHEIMER SCOTLAND"
357963,JULIAN LEON HUPPERT,director,24/06/2016,ACTIVE,BRITISH,ACADEMIC AND POLITICIAN
357963,ALISON RACHEL GOLDSWORTHY,director,16/03/2012,ACTIVE,BRITISH,COMPANY DIRECTOR
6844972,MICHAEL VERNON LOCKETT,director,28/07/2009,ACTIVE,BRITISH,DIRECTOR
3144922,HACKWOOD SECRETARIES LIMITED,secretary,21/10/1996,ACTIVE,BRITISH,NIL
3144922,DENISE JEFFRIES,director,01/02/2005,ACTIVE,USA,VP OF FINANCE
3144922,JAMES KAYE,director,02/02/2007,ACTIVE,USA,ATTORNEY
3144922,LAWRENCE M NOE,director,01/08/2005,ACTIVE,USA,TAX DIRECTOR
3144922,PAUL REEVE STIMSON,director,10/10/2011,ACTIVE,UNITED STATES OF AMERICA,SENIOR MANAGEMENT
273492,STEPHEN GEORGE SWALWELL,secretary,01/11/2000,ACTIVE,BRITISH,NIL
273492,BARBARA COTTON,director,02/01/1993,ACTIVE,GERMAN,DIRECTOR
273492,JOHN DAWSON COTTON,director,02/01/1993,ACTIVE,BRITISH,CHAIRMAN
273492,MARK ADRIAN COTTON,director,23/04/1999,ACTIVE,BRITISH,MANAGING DIRECTOR
273492,GRAHAM EDWARD FROST,director,25/04/2007,ACTIVE,BRITISH,COMPANY DIRECTOR
273492,ANTHONY ERNEST GRANT,director,19/12/1996,ACTIVE,BRITISH,COMPANY DIRECTOR
273492,NICHOLAS HUGH MANNING,director,19/09/2011,ACTIVE,BRITISH,FINANCE DIRECTOR
273492,NICHOLAS JOHN COTTON,director,17/12/2015,ACTIVE,BRITISH,COMPANY DIRECTOR
2884191,JANE HELEN ABRAMS,secretary,29/08/2003,ACTIVE,BRITISH,NIL
2884191,DUNCAN FORRESTER AGAR,director,12/05/1999,ACTIVE,BRITISH,COMPANY DIRECTOR
2884191,DESIREE BOLLIER,director,01/05/2001,ACTIVE,SWISS,CEO
2884191,BRIAN STEVEN GARRISON,director,12/05/1999,ACTIVE,UNITED KINGDOM,DEVELOPMENT EXECUTIVE
2884191,RODERICK VERNON GIBBS,director,25/01/1994,ACTIVE,BRITISH,CHARTERED SURVEYOR
2884191,CHARLES DAVID KENNEDY MACKINTOSH,director,15/02/1999,ACTIVE,BRITISH,MERCHANT BANKER
5130824,VICTORIA PALMER MOORE,secretary,01/08/2005,ACTIVE,BRITISH,NIL
5130824,HILARY GODSON,director,27/10/2006,ACTIVE,IRISH,PR CONSULTANT
5130824,RORY JAMES GODSON,director,18/05/2004,ACTIVE,IRISH,PR CONSULTANT
5130824,RORY JAMES GODSON,director,18/05/2004,ACTIVE,IRISH,PR CONSULTANT
4318799,RISHI KHOSLA,secretary,20/08/2008,ACTIVE,BRITISH,NIL
4318799,NEERAJ BERI,director,05/01/2012,ACTIVE,BRITISH,COMPANY DIRECTOR
4318799,MILAN KHOSLA,director,14/02/2011,ACTIVE,BRITISH,COMPANY DIRECTOR
4318799,RISHI KHOSLA,director,07/11/2001,ACTIVE,BRITISH,CONSULTANT
SC267044,JUNE MACGEACHY,secretary,01/12/2004,ACTIVE,BRITISH,NIL
SC267044,JUNE FRANCES MACGEACHY,director,16/09/2005,ACTIVE,BRITISH,DIRECTOR
SC267044,ROBIN WILLIAM HENDERSON MACGEACHY,director,01/12/2004,ACTIVE,BRITISH,DIRECTOR
1082430,REBECCA ANNE BROWN,secretary,25/07/2012,ACTIVE,,NIL
1082430,REBECCA ANNE BROWN,director,25/07/2012,ACTIVE,BRITISH,ACCOUNTANT
1082430,JORIE BUTLER KENT,director,21/01/1998,ACTIVE,AMERICAN,BUSINESS EXECUTIVE
1082430,BRETT ERIC FICHTE,director,31/05/2005,ACTIVE,AMERICAN,BUSINESS EXECUTIVE
1082430,KERRY ELIZABETH GOLDS,director,18/03/2013,ACTIVE,BRITISH,MANAGING DIRECTOR
1561575,ANDREW MICHAEL MILLER,secretary,29/08/1991,ACTIVE,BRITISH,NIL
1561575,ANDREW MICHAEL MILLER,director,29/08/1991,ACTIVE,BRITISH,DIRECTOR AND COMPANY SECRETARY
1561575,BRUCE WILSON SUTHERLAND,director,29/08/1991,ACTIVE,BRITISH,DIRECTOR
8494767,AT FAMILY HOLDINGS LTD,director,01/07/2013,ACTIVE,,NIL
8494767,ANDREI TRETYAKOV,director,18/04/2013,ACTIVE,UNITED KINGDOM,NATURAL RESOURCES EXECUTIVE
8494767,NIKOLAY TRETYAKOV,director,30/09/2013,ACTIVE,RUSSIAN,COMPANY DIRECTOR
5661097,PAUL BARRY MORRIS,director,22/12/2005,ACTIVE,BRITISH,COMPANY DIRECTOR
21607,CHRISTOPHER MAXWELL COURTNEY CADE,director,15/05/2015,ACTIVE,BRITISH,RETIRED
21607,YOUSEF DAHMASH,director,15/05/2015,ACTIVE,BRITISH,COUNTY COUNCILLOR
21607,KATHRYN MARGARET LAWRENCE,director,15/05/2015,ACTIVE,BRITISH,BOROUGH COUNCILLOR
21607,MICHAEL STEPHEN FRANCIS PAWSEY,director,15/05/2015,ACTIVE,BRITISH,RETIRED
21607,CAROLYN ANN ROBBINS,director,15/05/2015,ACTIVE,BRITISH,BOROUGH COUNCILLOR
21607,JILL BEVERLEY SIMPSON-VINCE,director,17/07/2015,ACTIVE,BRITISH,BOROUGH COUNCILLOR
21607,BARBARA TAYLOR,director,09/07/2012,ACTIVE,BRITISH,RETIRED
21607,CHRISTOPHER MAXWELL COURTNEY CADE,director,15/05/2015,11/05/2016,BRITISH,RETIRED
21607,HELEN BARBARA TAYLOR,director,12/05/2016,ACTIVE,BRITISH,COUNCILLOR
SC301819,JULIE THAIN LOWDEN,secretary,08/05/2006,ACTIVE,BRITISH,NIL
SC301819,JAMES HAMILTON,director,14/03/2007,ACTIVE,BRITISH,DIRECTOR
SC301819,WILLIAM EDWARDS MAIN,director,08/05/2006,ACTIVE,BRITISH,CHARTERED ACCOUNTANT
SC301819,FRASER JAMES MILNE,director,18/09/2013,ACTIVE,BRITISH,ENGINEERING AND PROJECTS DIRECTOR
SC301819,JAMES SMITH MILNE,director,08/05/2006,ACTIVE,BRITISH,DIRECTOR
SC301819,ROBERT ORAM,director,14/03/2007,ACTIVE,BRITISH,DIRECTOR
SC301819,ALLAN WILLIAM ROBERTSON,director,01/04/2009,ACTIVE,BRITISH,MANAGEMENT
SC301819,GARY YEOMAN,director,01/10/2014,ACTIVE,BRITISH,SALES DIRECTOR
2782532,JANE HELEN ABRAMS,secretary,29/08/2003,ACTIVE,BRITISH,NIL
2782532,DESIREE BOLLIER,director,01/05/2001,ACTIVE,SWISS,CEO
2782532,MARK ASHLEY BURTON,director,01/11/2007,ACTIVE,BRITISH,FUND MANAGER
2782532,LESLIE CHAO,director,25/07/2006,ACTIVE,USA,REAL ESTATE
2782532,THOMAS DEROSA,director,06/07/2005,ACTIVE,AMERICAN,DIRECTOR
2782532,NICHOLAS TIMON DRAKESMITH,director,21/08/2012,ACTIVE,BRITISH,DIRECTOR
2782532,RODERICK VERNON GIBBS,director,22/01/1993,ACTIVE,BRITISH,CHARTERED SURVEYOR
2782532,NIELS GEORGE HOST,director,29/01/1993,ACTIVE,AMERICAN,EXECUTIVE
2782532,JAMES NICHOLAS LAMBERT,director,16/10/1995,ACTIVE,BRITISH,COMPANY DIRECTOR
2782532,JANIE L LIGON,director,03/07/2001,ACTIVE,US CITIZEN,CONSULTANT
2782532,SCOTT DAVID MALKIN,director,22/01/1993,ACTIVE,AMERICAN,PROPERTY INVESTOR
2782532,DEBORA LYNN SPAR,director,01/01/2013,ACTIVE,AMERICAN,PROFESSOR
2782532,RUTH ANNE FRANCIS KENNEDY,director,01/03/2016,ACTIVE,BRITISH,COMPANY DIRECTOR
457188,PHILIP ROLAND SMITH,secretary,06/04/1999,ACTIVE,BRITISH,NIL
457188,ALAN BONNIFACE,director,05/04/2014,ACTIVE,BRITISH,RETIRED
457188,DAVID ERIC BUCKLEY,director,23/06/1991,ACTIVE,BRITISH,SELF EMPLOYED BUILDER
457188,ALISTAIR JAMES HENDRIE BURT,director,14/06/2008,ACTIVE,BRITISH,MEMBER OF PARLIAMENT
457188,PHILIP ANDREW DAVIES,director,17/06/2006,ACTIVE,BRITISH,MEMBER OF PARLIAMENT
457188,PAUL DOUGHTON,director,08/06/2013,ACTIVE,BRITISH,WAREHOUSE MAN
457188,HENRY THOMAS DRAKE,director,15/06/2002,ACTIVE,BRITISH,RETIRED
457188,JAMES ALEXANDER GAULD,director,16/06/2007,ACTIVE,BRITISH,RETIRED
457188,ROBERT BRIAN HAMILL,director,14/06/2008,ACTIVE,BRITISH,COMPANY DIRECTOR
457188,JOHN HUDSON,director,12/06/1999,ACTIVE,BRITISH,AGENT
457188,COLIN HUSTLER,director,14/06/2008,ACTIVE,BRITISH,RETIRED
457188,GARETH JOHNSON,director,20/06/2015,ACTIVE,BRITISH,MEMBER OF PARLIAMENT
457188,RAYMOND VANCE JOHNSON,director,14/06/2009,ACTIVE,BRITISH,RETIRED
457188,KAREN ELIZABETH LUMLEY,director,20/06/2015,ACTIVE,BRITISH,MEMBER OF PARLIAMENT
457188,NOEL GEORGE HERBERT MANNS,director,20/06/1998,ACTIVE,BRITISH,CHARTERED SURVEYOR
457188,FREDERICK CHARLES MOORE,director,26/05/2012,ACTIVE,BRITISH,RETIRED
457188,WILLIAM FINKLE NEWALL,director,14/06/2003,ACTIVE,BRITISH,RETIRED
457188,MIKE ROBINSON,director,20/06/2015,ACTIVE,BRITISH,RETIRED
457188,JEFFREY SIMPSON,director,15/06/2002,ACTIVE,BRITISH,RETIRED
457188,CHRIS SMITH,director,05/04/2014,ACTIVE,BRITISH,COMPANY SECRETARY
457188,JEFF SPRINGFORD,director,05/04/2014,ACTIVE,BRITISH,RETIRED
457188,EDDIE WARD,director,20/06/2015,ACTIVE,BRITISH,FINANCIAL ADVISER
457188,CHARLES ALBERT WHITE,director,16/06/2007,ACTIVE,BRITISH,RETIRED
457188,HENRY THOMAS DRAKE,director,15/06/2002,04/06/2016,BRITISH,RETIRED
457188,DAVID JOHN THOMAS,director,04/06/2016,ACTIVE,BRITISH,FARMER
457188,PAUL DOUGHTON,director,08/06/2013,04/06/2016,BRITISH,WAREHOUSE MAN
457188,EDWARD CHRISTOPHER WARD,director,20/06/2015,ACTIVE,BRITISH,DIRECTOR
457188,BRIAN TOTTLE,director,04/06/2016,ACTIVE,BRITISH,RETIRED
4191122,JOHN RAYMOND GARWOOD,secretary,20/09/2001,ACTIVE,BRITISH,NIL
4191122,A PETER ANDERSON II,director,20/09/2001,ACTIVE,AMERICAN,MANAGING DIRECTOR - FINANCE
4191122,CLIFFORD THOMAS BRYANT,director,09/09/2015,ACTIVE,BRITISH,"MANAGING DIRECTOR, CWCL"
4191122,HOWARD DAWBER,director,09/09/2015,ACTIVE,BRITISH,STRATEGIC ADVISOR
4191122,IAN ANTHONY FERGUSON,director,09/09/2015,ACTIVE,BRITISH,"MANAGING DIRECTOR, CWCL"
4191122,JOHN RAYMOND GARWOOD,director,09/09/2015,ACTIVE,ENGLISH,COMPANY SECRETARY
4191122,CHRISTOPHER JOHN HENDERSON,director,09/09/2015,ACTIVE,BRITISH,MANAGING DIRECTOR AND CHIEF COUNSEL
4191122,GEORGE IACOBESCU,director,20/09/2001,ACTIVE,BRITISH,CHAIRMAN AND CEO
4191122,ANTHONY JAMES SIDNEY JORDAN,director,09/09/2015,ACTIVE,BRITISH,MANAGING DIRECTOR - DEVELOPMENT
4191122,RUSSELL JAMES JOHN LYONS,director,09/09/2015,ACTIVE,BRITISH,MANAGING DIRECTOR AND CHIEF FINANCIAL OF
4191122,CORMAC MACCRANN,director,09/09/2015,ACTIVE,IRISH,MANAGING DIRECTOR - CWL
4191122,CAMILLE WAXER,director,09/09/2015,ACTIVE,BRITISH,MANAGING DIRECTOR - RETAIL AND CHIEF ADM
3882699,STEPHEN PATTRICK,secretary,24/11/1999,ACTIVE,BRITISH,DIRECTOR
3882699,MICHELLE GORRINGE,director,24/11/1999,ACTIVE,BRITISH,DIRECTOR
3882699,STEPHEN PATTRICK,director,24/11/1999,ACTIVE,BRITISH,DIRECTOR
3363167,ROBERT JON BLACKETT,secretary,31/01/2007,ACTIVE,BRITISH,DIRECTOR
3363167,MELISSA JOY DUNCAN,director,11/04/2007,ACTIVE,AMERICAN,HEAD OF COMMUNICATIONS
3363167,PAUL ROBSON DUNCAN,director,14/10/1997,ACTIVE,BRITISH,MANAGING DIRECTOR
5522961,SIMON GOLDSTEIN,director,24/12/2009,ACTIVE,BRITISH,COMPANY DIRECTOR
5522961,LEON MAX,director,06/09/2005,ACTIVE,AMERICAN,COMPANY DIRECTOR
SC100188,AS COMPANY SERVICES LIMITED,secretary,27/03/2007,ACTIVE,BRITISH,NIL
SC100188,AMANDA WINYARD,director,01/04/2000,ACTIVE,BRITISH,DIRECTOR
SC100188,ELLIOT JORDAN SPENCER WINYARD,director,01/03/2015,ACTIVE,BRITISH,DIRECTOR
SC100188,PATRICIA WINYARD,director,01/05/2010,ACTIVE,BRITISH,DIRECTOR
SC100188,STEPHEN MALCOLM SPENCER WINYARD,director,10/06/1989,ACTIVE,BRITISH,DIRECTOR
SC100188,PATRICIA WINYARD,director,01/05/2010,28/04/2016,BRITISH,DIRECTOR
902920,EDWARD MARTIN DRURY,secretary,07/11/1992,ACTIVE,BRITISH,FINANCE DIRECTOR
902920,DAVID BAILEY,director,01/01/2008,ACTIVE,BRITISH,DIRECTOR
902920,ANDREW BRYCE,director,09/07/2010,ACTIVE,BRITISH,NONE
902920,EDWARD MARTIN DRURY,director,07/11/1992,ACTIVE,BRITISH,COMPANY DIRECTOR
902920,EDWARD SAGAR FORT OBE,director,07/11/1992,ACTIVE,BRITISH,MANAGING DIRECTOR/CHAIRMAN
902920,SHARON HENDLEMAN,director,01/07/2013,ACTIVE,BRITISH,FINANCE DIRECTOR
902920,JOHN HORSFALL,director,01/01/2008,ACTIVE,BRITISH,DIRECTOR
902920,SHAUN LAYCOCK,director,01/01/2008,ACTIVE,BRITISH,DIRECTOR
902920,PETER ANTHONY STAVELEY,director,01/01/2008,ACTIVE,BRITISH,DIRECTOR
902920,IAN WILSON,director,07/11/1992,ACTIVE,BRITISH,GENERAL MANAGER
902920,ANDREW JOHN BISHOP,director,06/04/2016,ACTIVE,BRITISH,SALES DIRECTOR
1971312,JOHN RAYMOND GARWOOD,secretary,18/01/1999,ACTIVE,BRITISH,NIL
1971312,A PETER ANDERSON II,director,22/12/1995,ACTIVE,AMERICAN,REAL ESTATE EXECUTIVE
1971312,GEORGE IACOBESCU,director,06/02/1996,ACTIVE,BRITISH,COMPANY DIRECTOR
1971312,RUSSELL JAMES JOHN LYONS,director,09/04/2002,ACTIVE,BRITISH,CHARTERED ACCOUNTANT
1971312,GIOVANNI ANTONIO PAGANO,director,05/07/2013,ACTIVE,ITALIAN/CANADIAN,NONE
1971312,ANTONIO GIOVANNI PAGANO,,15/07/2013,ACTIVE,ITALIAN CANADIAN,NONE
5903820,SAMIR SONI,secretary,01/12/2008,ACTIVE,INDIAN,FINANCIAL CONTROLLER
5903820,AIADURAI SIVASAMY PREMANANTHAN,director,05/12/2013,ACTIVE,BRITISH,BUSINESSMAN
5903820,ALLIRAJAH SUBASKARAN,director,08/06/2011,ACTIVE,BRITISH,BUSINESSMAN
7123287,KATIJAH AHMED,director,10/01/2012,ACTIVE,BRITISH,SOLICITOR
7123287,WASEEM AHMED ZAMAN,director,08/10/2014,ACTIVE,BRITISH,CHIEF FINANCIAL OFFICER
1274344,JOHN PATRICK KEEHAN,secretary,01/05/2005,ACTIVE,BRITISH,ACCOUNTANT
1274344,JOHN PATRICK KEEHAN,director,23/07/2012,ACTIVE,BRITISH,ACCOUNTANT
1274344,BRENDAN MARTIN KERR,director,16/02/1995,ACTIVE,IRISH,DIRECTOR
1274344,HOLLY PRICE,director,20/06/2014,ACTIVE,BRITISH,COMPANY DIRECTOR
1274344,JOHN RICHARD PRICE,director,19/05/2014,ACTIVE,BRITISH,COMPANY DIRECTOR
1274344,PHILIP REGINALD PRICE,director,01/06/2010,ACTIVE,BRITISH,DIRECTOR
1274344,PETER KONRAD SUCHY,director,11/08/2014,ACTIVE,BRITISH,QUANTITY SURVEYOR
1274344,DARREN WAYNE WICKINS,director,22/10/2012,ACTIVE,BRITISH,DIRECTOR
1274344,PAUL FRANCIS DEACY,director,08/06/2016,ACTIVE,BRITISH,COMPANY DIRECTOR
3333890,PAUL ANTHONY SALTER,secretary,14/03/1997,ACTIVE,BRITISH,ACCOUNTANT
3333890,PAUL ANTHONY SALTER,director,01/01/2001,ACTIVE,BRITISH,ACCOUNTANT
6737476,FIL ADMINISTRATION LIMITED,secretary,30/10/2008,ACTIVE,BRITISH,NIL
6737476,PETER JOHN HORRELL,director,06/05/2015,ACTIVE,BRITISH,DIRECTOR
6737476,KRISTINA ISHERWOOD,director,22/04/2009,ACTIVE,BRITISH,DIRECTOR
6737476,SALLY ROWENA NELSON,director,29/09/2015,ACTIVE,BRITISH,DIRECTOR
6737476,PATRICK JOSEPH SHEA,director,09/10/2012,ACTIVE,IRISH,DIRECTOR
6737476,BRUCE WEATHERILL,director,27/09/2012,ACTIVE,BRITISH,DIRECTOR
6737476,MICHAEL WEBB,director,12/04/2013,ACTIVE,BRITISH,DIRECTOR
6737476,JOHN MICHAEL FREDERIC FORD,director,03/05/2016,ACTIVE,BRITISH,CHIEF INVESTMENT OFFICER
6737476,DAVID AVERY WEYMOUTH,director,18/11/2015,ACTIVE,BRITISH,NON-EXECUTIVE DIRECTOR
6737476,DOMINIC MICHAEL JOSEPH ROSSI,director,01/04/2016,ACTIVE,BRITISH,DIRECTOR
6737476,NICHOLAS BIRCHALL,director,01/04/2016,ACTIVE,BRITISH,DIRECTOR
6737476,ANTHONY STEPHEN LANSER,director,01/04/2016,ACTIVE,BRITISH,CHIEF OPERATING OFFICER
6438997,ROBERT NUGENT,secretary,01/04/2014,ACTIVE,,NIL
6438997,SCOTT JONATHAN FLETCHER,director,28/11/2007,ACTIVE,BRITISH,INVESTOR
6438997,ROBERT NUGENT,director,01/04/2014,ACTIVE,BRITISH,DIRECTOR
357963,TINA CAROLINE WALKER,secretary,01/05/2002,ACTIVE,BRITISH CITIZEN,NIL
357963,SARAH VIRGINIA BRINTON,director,05/07/2013,ACTIVE,BRITISH,MEMBER OF THE HOUSE OF LORDS
357963,AMANDA CAROLINE CORMACK,director,21/03/2003,ACTIVE,BRITISH,CONSULTANT
357963,PEADAR DOMINIC CREMIN,director,03/03/2003,ACTIVE,IRISH,RETIRED
357963,ALISON RACHEL GOLDSWORTHY,director,16/03/2012,ACTIVE,BRITISH,COMPANY DIRECTOR
357963,CHRISTOPHER JOHN GREENFIELD,director,29/09/1991,ACTIVE,BRITISH,HEADMASTER
357963,NICHOLAS BARTON HARVEY,director,21/03/2014,ACTIVE,BRITISH,COMPANY DIRECTOR
357963,ANDREW COLIN NEAL,director,19/10/2008,ACTIVE,BRITISH,CONSULTANT
357963,AMANDA CAROLINE CORMACK,director,21/03/2003,24/06/2016,BRITISH,CONSULTANT
357963,LISA SMART,director,24/06/2016,ACTIVE,BRITISH,COUNCILLOR
357963,SUSAN LESLEY MENDUS,director,24/06/2016,ACTIVE,BRITISH,RETIRED PROFESSOR OF POLITICAL PHILOSOPH
357963,AMY DALRYMPLE,director,24/06/2016,ACTIVE,BRITISH,"HEAD OF POLICY, ALZHEIMER SCOTLAND"
357963,JULIAN LEON HUPPERT,director,24/06/2016,ACTIVE,BRITISH,ACADEMIC AND POLITICIAN
357963,ALISON RACHEL GOLDSWORTHY,director,16/03/2012,ACTIVE,BRITISH,COMPANY DIRECTOR
4517621,DELANCEY LIMITED,secretary,22/12/2006,ACTIVE,OTHER,NIL
4517621,PAUL JONATHAN GOSWELL,director,22/08/2002,ACTIVE,BRITISH,SURVEYOR
4517621,TIMOTHY HADEN SCOTT,director,05/06/2003,ACTIVE,BRITISH,PROPERTY DEVELOPER
4517621,JAMES WILLIAM JEREMY RITBLAT,director,22/08/2002,ACTIVE,BRITISH,DIRECTOR
4517621,COLIN BARRY WAGMAN,director,05/06/2003,ACTIVE,BRITISH,COMPANY DIRECTOR
2011009,BIBI RAHIMA ALLY,secretary,14/10/2004,ACTIVE,BRITISH,NIL
2011009,DAVID JEREMY COURTENAY-STAMP,director,07/07/2003,ACTIVE,BRITISH,SOLICITOR
2011009,DAVID GELBER,director,01/06/1994,ACTIVE,CANADIAN,DIRECTOR
2011009,TINA MAREE KILMISTER-BLUE,director,29/01/2014,ACTIVE,ICELANDIC,CHIEF EXECUTIVE OFFICER
2011009,MICHAEL ALAN SPENCER,director,31/12/1992,ACTIVE,BRITISH,CHAIRMAN
2011009,MICHAEL PATRICK SPENCER,director,28/04/2009,ACTIVE,BRITISH,COMPANY DIRECTOR
3128558,JOHN ANTHONY KIERNANDER,secretary,30/06/2005,ACTIVE,BRITISH,NIL
3128558,STEPHANE ABRAHAM JOSEPH NAHUM,secretary,30/06/2005,ACTIVE,FRENCH,NIL
3128558,JACKOB HAUSNER ANDERSEN,director,13/06/2011,ACTIVE,BRITISH,COMPANY DIRECTOR
3128558,BRUCE DARREL GRAYSTON JARVIS,director,17/09/1999,ACTIVE,BRITISH,CO DIRECTOR
3128558,JOHN ANTHONY KIERNANDER,director,06/06/2001,ACTIVE,BRITISH,CHARTERED ACCOUNTANT
3128558,STEPHANE ABRAHAM JOSEPH NAHUM,director,12/04/2005,ACTIVE,FRENCH,PRIVATE EQUITY
3128558,PATRICK COLIN O'DRISCOLL,director,01/06/2006,ACTIVE,IRISH,ACCOUNTANT
3128558,MALCOLM ROBIN TURNER,director,12/04/2005,ACTIVE,BRITISH,ESTATE AGENT
8437213,INTERTRUST (UK) LIMITED,secretary,24/07/2014,ACTIVE,,NIL
8437213,IGOR POPOV,director,03/06/2014,ACTIVE,RUSSIAN,LEGAL OFFICER
8437213,BEN WILLIAMS,director,24/07/2014,ACTIVE,BRITISH,DIRECTOR
5124256,CONSTANTINE MICHAEL LOGOTHETIS,secretary,10/05/2004,ACTIVE,BRITISH,SHIPBROKER
5124256,CONSTANTINE MICHAEL LOGOTHETIS,director,10/05/2004,ACTIVE,BRITISH,SHIPBROKER
5124256,GEORGE MICHAEL LOGOTHETIS,director,26/05/2004,ACTIVE,BRITISH,SHIP BROKER
5124256,NEIL AUSTIN MORTIMER,director,28/12/2005,ACTIVE,BRITISH,COMPANY DIRECTOR
5124256,ADAMANTIOS TOMAZOS,director,10/05/2004,ACTIVE,BRITISH,PROJECT MANAGER
3988618,SUSAN BLAGDEN,secretary,09/05/2000,ACTIVE,BRITISH,HOUSEWIFE
3988618,SIMON PAUL BLAGDEN,director,09/05/2000,ACTIVE,BRITISH,COMPANY DIRECTOR
3988618,SUSAN BLAGDEN,director,09/05/2000,ACTIVE,BRITISH,DIRECTOR
2089582,DAVID ROBERT KAYE,secretary,31/12/2010,ACTIVE,BRITISH,NIL
2089582,DAVID ROBERT KAYE,director,19/11/2010,ACTIVE,BRITISH,BARRISTER
2089582,HOWARD PAUL SHORE,director,31/12/1992,ACTIVE,BRITISH,SECURITIES DEALER
2089582,MICHAEL LAURENT VAN MESSEL,director,27/06/2000,ACTIVE,BRITISH,ACCOUNTANT
2404081,JAYSAL VANDRAVAN ATARA,director,03/02/2014,ACTIVE,BRITISH CITIZEN,FINANCE DIRECTOR
2404081,JONATHAN DAVID KENNY,director,08/08/2005,ACTIVE,BRITISH CITIZEN,CHARTERED SURVEYOR
2404081,GERARD MIKAEL VERSTEEGH,director,13/01/1991,ACTIVE,SWEDISH,COMPANY DIRECTOR
2404081,ANDREW MICHAEL WOODS,director,05/04/1991,ACTIVE,BRITISH CITIZEN,CHARTERED SURVEYOR
1971312,JOHN RAYMOND GARWOOD,secretary,18/01/1999,ACTIVE,BRITISH,NIL
1971312,A PETER ANDERSON II,director,22/12/1995,ACTIVE,AMERICAN,REAL ESTATE EXECUTIVE
1971312,GEORGE IACOBESCU,director,06/02/1996,ACTIVE,BRITISH,COMPANY DIRECTOR
1971312,RUSSELL JAMES JOHN LYONS,director,09/04/2002,ACTIVE,BRITISH,CHARTERED ACCOUNTANT
1971312,GIOVANNI ANTONIO PAGANO,director,05/07/2013,ACTIVE,ITALIAN/CANADIAN,NONE
1971312,ANTONIO GIOVANNI PAGANO,,15/07/2013,ACTIVE,ITALIAN CANADIAN,NONE
1303670,ANTHONY PETER HILDER,secretary,28/06/2001,ACTIVE,BRITISH,SELF EMPLOYED
1303670,ANTHONY PETER HILDER,director,30/09/1992,ACTIVE,BRITISH,SELF EMPLOYED
1303670,JOHN KERSHAW,director,12/11/2014,ACTIVE,BRITISH,DIRECTOR
1303670,MICHAEL JACK MCGOUGH,director,14/04/2008,ACTIVE,BRITISH,RETIRED
1303670,EWEN NEWTON STEWART,director,10/05/2010,ACTIVE,BRITISH,DIRECTOR
1303670,MARK WORTHINGTON,director,12/11/2014,ACTIVE,BRITISH,DIRECTOR
2473840,JULIA ALEXIS ROSE,secretary,30/06/2014,ACTIVE,BRITISH,NIL
2473840,PAUL EMMANUEL KAHN,director,17/11/2014,ACTIVE,BRITISH,CEO AIRBUSGROUP LIMITED
2473840,MARWAN LAHOUD,director,12/03/2008,ACTIVE,FRENCH,CHIEF STRATEGY AND MARKETING
2473840,OLIVER PIERRE EMILE MICHALON,director,11/06/2015,ACTIVE,FRENCH,HEAD OF EUROPEAN REGION AIRBUS HELICOPTE
2473840,JULIAN BRUCE WHITEHEAD,director,26/01/2015,ACTIVE,BRITISH,EXECUTIVE VICE PRESIDENT FINANCE
2473840,THOMAS CHARLES WILLIAMS,director,11/06/2015,ACTIVE,BRITISH,CHIEF OPERATING OFFICER AIRBUS SAS
2473840,JOHN CONACHER HARRISON,director,26/01/2016,ACTIVE,BRITISH,GENERAL COUNSEL AIRBUS GROUP
6597608,TERESA MARIE REID,director,20/05/2008,ACTIVE,BRITISH,DIRECTOR
561597,STEVEN ERNEST ROBERT OVENS,secretary,01/11/1991,ACTIVE,BRITISH,NIL
561597,CAROLE GRAY BAMFORD,director,01/11/1991,ACTIVE,BRITISH,COMPANY DIRECTOR
561597,JOSEPH CYRIL EDWARD BAMFORD,director,15/05/2006,ACTIVE,BRITISH,COMPANY DIRECTOR
561597,MARK JOSEPH CYRIL BAMFORD,director,01/11/1991,ACTIVE,BRITISH,COMPANY DIRECTOR
561597,THE LORD BAMFORD DL,director,01/11/1991,ACTIVE,BRITISH,COMPANY DIRECTOR
561597,GRAEME ANGUS MACDONALD,director,02/01/2010,ACTIVE,BRITISH,COMPANY DIRECTOR
561597,MARK WILLIAM TURNER,director,01/01/2012,ACTIVE,BRITISH,COMPANY DIRECTOR
4241161,SIMON JOHN ADLINGTON,secretary,05/03/2003,ACTIVE,BRITISH,NIL
4241161,DENISE COATES,director,25/09/2001,ACTIVE,BRITISH,DIRECTOR
4241161,JOHN FITZGERALD COATES,director,25/09/2001,ACTIVE,BRITISH,DIRECTOR
4241161,PETER COATES,director,25/09/2001,ACTIVE,BRITISH,DIRECTOR
4241161,WILLIAM WOLFE ROSEFF,director,25/09/2001,ACTIVE,BRITISH,DIRECTOR
4241161,GIL ROTEM,director,29/09/2014,ACTIVE,HUNGARIAN,COMPANY DIRECTOR
4241161,SIMON JOHN ADLINGTON,secretary,05/03/2003,ACTIVE,BRITISH,NIL
4241161,DENISE COATES,director,25/09/2001,ACTIVE,BRITISH,DIRECTOR
4241161,JOHN FITZGERALD COATES,director,25/09/2001,ACTIVE,BRITISH,DIRECTOR
4241161,PETER COATES,director,25/09/2001,ACTIVE,BRITISH,DIRECTOR
4241161,WILLIAM WOLFE ROSEFF,director,25/09/2001,ACTIVE,BRITISH,DIRECTOR
4241161,GIL ROTEM,director,29/09/2014,ACTIVE,HUNGARIAN,COMPANY DIRECTOR
1303670,ANTHONY PETER HILDER,secretary,28/06/2001,ACTIVE,BRITISH,SELF EMPLOYED
1303670,ANTHONY PETER HILDER,director,30/09/1992,ACTIVE,BRITISH,SELF EMPLOYED
1303670,JOHN KERSHAW,director,12/11/2014,ACTIVE,BRITISH,DIRECTOR
1303670,MICHAEL JACK MCGOUGH,director,14/04/2008,ACTIVE,BRITISH,RETIRED
1303670,EWEN NEWTON STEWART,director,10/05/2010,ACTIVE,BRITISH,DIRECTOR
1303670,MARK WORTHINGTON,director,12/11/2014,ACTIVE,BRITISH,DIRECTOR
9609018,ELIZABETH BILNEY,secretary,27/05/2015,ACTIVE,,NIL
9609018,ELIZABETH BILNEY,director,27/05/2015,ACTIVE,BRITISH,DIRECTOR
9609018,ALISON MARSHALL,director,03/07/2015,ACTIVE,BRITISH,FINANCE DIRECTOR
9609018,ARRON FRASER ANDREW BANKS,director,29/01/2016,ACTIVE,BRITISH,ENTREPRENEUR
9609018,RANJA THERESE NESJE ABBOTT,director,29/01/2016,ACTIVE,BRITISH,CHARTERED ACCOUNTANT
9609018,MARIA JULIE MING,director,29/01/2016,ACTIVE,BRITISH CITIZEN,HUMAN RESOURCES
9609018,ANDREW BRUCE WIGMORE,director,08/02/2016,ACTIVE,BRITISH,DIRECTOR
9609018,DAWN ELIZABETH ALICE WILLIAMS,secretary,08/02/2016,ACTIVE,,NIL
2956243,WPP GROUP (NOMINEES) LIMITED,secretary,18/05/2011,ACTIVE,OTHER,NIL
2956243,FAETH BIRCH,director,01/01/2004,ACTIVE,BRITISH,FINANCIAL COMMUNICATIONS
2956243,RORY BRYAN DUNCAN CHISHOLM,director,30/08/2000,ACTIVE,BRITISH,PARTNER
2956243,ROLLO HEAD,director,10/10/2000,ACTIVE,BRITISH,FINANCIAL COMMUNICATIONS
2956243,JAMES PHILIP MURGATROYD,director,11/11/1996,ACTIVE,BRITISH,FINANCIAL COMMUNICATIONS
2956243,ROLAND DACRE RUDD,director,05/09/1994,ACTIVE,BRITISH,FINANCIAL COMMUNCATIONS
2956243,WILLIAM JOHN TANNER,director,01/01/2006,ACTIVE,BRITISH,COMPANY DIRECTOR
2956243,RUPERT EDWARD ALEXANDER YOUNGER,director,14/11/1994,ACTIVE,UK,CONSULTING PARTNER
728502,SAMANTHA THOMPSON,secretary,01/11/2015,ACTIVE,,NIL
728502,GAENOR ANNE BAGLEY,director,01/07/2011,ACTIVE,BRITISH,CHARTERED ACCOUNTANT
728502,JAMES WILLIAM PENDER CHALMERS,director,01/07/2008,ACTIVE,BRITISH,ACCOUNTANT
728502,MARGARET ROSE COLE,director,24/01/2013,ACTIVE,BRITISH,SOLICITOR
728502,ANDREW JULIAN BAILYE COPE,director,13/06/2014,ACTIVE,BRITISH,CHARTERED ACCOUNTANT
728502,JOHN PETER DWYER,director,01/09/2013,ACTIVE,IRISH,CHARTERED ACCOUNTANT
728502,KEVIN JAMES DAVID ELLIS,director,30/09/2008,ACTIVE,BRITISH,ACCOUNTANT
728502,WARWICK EAN HUNT,director,01/10/2013,ACTIVE,NEW ZEALANDER,ACCOUNTANT
728502,STEPHANIE TRICIA HYDE,director,01/07/2011,ACTIVE,BRITISH,CHARTERED ACCOUNTANT
728502,KEVIN JOHN NICHOLSON,director,01/07/2008,ACTIVE,BRITISH,ACCOUNTANT
728502,RICHARD OLDFIELD,director,01/07/2011,ACTIVE,BRITISH,CHARTERED ACCOUNTANT
728502,IAN CLIFFORD POWELL,director,21/03/2007,ACTIVE,BRITISH,ACCOUNTANT
728502,DAN YORAM SCHWARZMANN,director,13/06/2014,ACTIVE,BRITISH,CHARTERED ACCOUNTANT
728502,ASHLEY STEWART UNWIN,director,20/09/2013,ACTIVE,BRITISH,MANAGEMENT CONSULTANT
561597,STEVEN ERNEST ROBERT OVENS,secretary,01/11/1991,ACTIVE,BRITISH,NIL
561597,CAROLE GRAY BAMFORD,director,01/11/1991,ACTIVE,BRITISH,COMPANY DIRECTOR
561597,JOSEPH CYRIL EDWARD BAMFORD,director,15/05/2006,ACTIVE,BRITISH,COMPANY DIRECTOR
561597,MARK JOSEPH CYRIL BAMFORD,director,01/11/1991,ACTIVE,BRITISH,COMPANY DIRECTOR
561597,THE LORD BAMFORD DL,director,01/11/1991,ACTIVE,BRITISH,COMPANY DIRECTOR
561597,GRAEME ANGUS MACDONALD,director,02/01/2010,ACTIVE,BRITISH,COMPANY DIRECTOR
561597,MARK WILLIAM TURNER,director,01/01/2012,ACTIVE,BRITISH,COMPANY DIRECTOR
3437118,ANDREW CHRISTOPHER PRICE,secretary,01/12/2015,ACTIVE,,NIL
3437118,HERBERT WALTER CAMPION,director,10/10/2011,ACTIVE,BRITISH,DIRECTOR
3437118,JAMES PETER RIGBY,director,02/12/2010,ACTIVE,BRITISH,DIRECTOR
3437118,PATRICIA ANN RIGBY,director,08/12/2010,ACTIVE,BRITISH,DIRECTOR
3437118,PETER RIGBY,director,31/03/1998,ACTIVE,BRITISH,DIRECTOR
3437118,STEVEN PAUL RIGBY,director,31/03/1998,ACTIVE,BRITISH,COMPANY DIRECTOR
3437118,ANDREW CHRISTOPHER PRICE,director,01/02/2016,ACTIVE,BRITISH,DIRECTOR
4230744,DENA ASHNESS,secretary,01/08/2001,ACTIVE,BRITISH,COMPANY DIRECTOR
4230744,DENA ASHNESS,director,01/08/2001,ACTIVE,BRITISH,COMPANY DIRECTOR
4230744,OLIVER ASHNESS,director,04/10/2011,ACTIVE,UK,COMPANY DIRECTOR
4230744,RICHARD STEWART ASHNESS,director,01/08/2001,ACTIVE,BRITISH,COMPANY DIRECTOR
561597,STEVEN ERNEST ROBERT OVENS,secretary,01/11/1991,ACTIVE,BRITISH,NIL
561597,CAROLE GRAY BAMFORD,director,01/11/1991,ACTIVE,BRITISH,COMPANY DIRECTOR
561597,JOSEPH CYRIL EDWARD BAMFORD,director,15/05/2006,ACTIVE,BRITISH,COMPANY DIRECTOR
561597,MARK JOSEPH CYRIL BAMFORD,director,01/11/1991,ACTIVE,BRITISH,COMPANY DIRECTOR
561597,THE LORD BAMFORD DL,director,01/11/1991,ACTIVE,BRITISH,COMPANY DIRECTOR
561597,GRAEME ANGUS MACDONALD,director,02/01/2010,ACTIVE,BRITISH,COMPANY DIRECTOR
561597,MARK WILLIAM TURNER,director,01/01/2012,ACTIVE,BRITISH,COMPANY DIRECTOR
NI003138,PETER WALLACE,secretary,01/06/2006,ACTIVE,,NIL
NI003138,OWEN BRENNAN,director,31/12/1999,ACTIVE,IRISH,COMPANY DIRECTOR
NI003138,GERARD FINNEGAN,director,14/11/2011,ACTIVE,IRISH,COMPANY DIRECTOR
NI003138,ANN HAMILTON,director,14/11/2011,ACTIVE,BRITISH,COMPANY DIRECTOR
NI003138,RICHARD KENNEDY,director,14/11/2011,ACTIVE,IRISH,COMPANY DIRECTOR
NI003138,DONAL MACATEER,director,01/02/2014,ACTIVE,IRISH,COMPANY DIRECTOR
NI003138,COLM NOEL MCCOTTER,director,01/05/2006,ACTIVE,IRISH,PURCHASING DIRECTOR
NI003138,PATRICK ANTHONY MCLAUGHLIN,director,01/01/2013,ACTIVE,BRITISH/IRISH,COMPANY DIRECTOR
NI003138,AIDAN O'TOOLE,director,01/01/2013,ACTIVE,IRISH,COMPANY DIRECTOR
NI003138,BRONAGH OWENS,director,01/02/2014,ACTIVE,IRISH,COMPANY DIRECTOR
NI003138,MORGAN RAPHAEL SHEEHY,director,22/10/2003,ACTIVE,IRISH,COMPANY DIRECTOR
NI003138,PETER FRANCIS WALLACE,director,01/12/2004,ACTIVE,BRITISH,ACCOUNTANT
NI003138,EAMONN WHELAN,director,14/11/2011,ACTIVE,IRISH,COMPANY DIRECTOR
561597,STEVEN ERNEST ROBERT OVENS,secretary,01/11/1991,ACTIVE,BRITISH,NIL
561597,CAROLE GRAY BAMFORD,director,01/11/1991,ACTIVE,BRITISH,COMPANY DIRECTOR
561597,JOSEPH CYRIL EDWARD BAMFORD,director,15/05/2006,ACTIVE,BRITISH,COMPANY DIRECTOR
561597,MARK JOSEPH CYRIL BAMFORD,director,01/11/1991,ACTIVE,BRITISH,COMPANY DIRECTOR
561597,THE LORD BAMFORD DL,director,01/11/1991,ACTIVE,BRITISH,COMPANY DIRECTOR
561597,GRAEME ANGUS MACDONALD,director,02/01/2010,ACTIVE,BRITISH,COMPANY DIRECTOR
561597,MARK WILLIAM TURNER,director,01/01/2012,ACTIVE,BRITISH,COMPANY DIRECTOR
2011009,BIBI RAHIMA ALLY,secretary,14/10/2004,ACTIVE,BRITISH,NIL
2011009,DAVID JEREMY COURTENAY-STAMP,director,07/07/2003,ACTIVE,BRITISH,SOLICITOR
2011009,DAVID GELBER,director,01/06/1994,ACTIVE,CANADIAN,DIRECTOR
2011009,TINA MAREE KILMISTER-BLUE,director,29/01/2014,ACTIVE,ICELANDIC,CHIEF EXECUTIVE OFFICER
2011009,MICHAEL ALAN SPENCER,director,31/12/1992,ACTIVE,BRITISH,CHAIRMAN
2011009,MICHAEL PATRICK SPENCER,director,28/04/2009,ACTIVE,BRITISH,COMPANY DIRECTOR
2865543,STEPHEN ANDREW BURNETT,secretary,17/01/2000,ACTIVE,BRITISH,NIL
2865543,ANTHONY CHRISTOPHER GALLAGHER,director,01/05/1995,ACTIVE,BRITISH,COMPANY DIRECTOR
2865543,GEOFFREY HUGH GOSLING,director,01/11/2001,ACTIVE,BRITISH,CHARTERED ACCOUNTANT
1617146,SOPHIE BREWSTER BEVAN,secretary,15/06/2001,ACTIVE,BRITISH,SECRETARY
1617146,PETER DAVID BEVAN,director,27/11/1991,ACTIVE,BRITISH,TOWN PLANNING CONSULTANT
1617146,SOPHIE BREWSTER BEVAN,director,15/06/2001,ACTIVE,BRITISH,SECRETARY
1617146,STEPHEN FRANCIS BEVAN,director,01/02/2013,ACTIVE,BRITISH,ACCOUNTANT
1971312,JOHN RAYMOND GARWOOD,secretary,18/01/1999,ACTIVE,BRITISH,NIL
1971312,A PETER ANDERSON II,director,22/12/1995,ACTIVE,AMERICAN,REAL ESTATE EXECUTIVE
1971312,GEORGE IACOBESCU,director,06/02/1996,ACTIVE,BRITISH,COMPANY DIRECTOR
1971312,RUSSELL JAMES JOHN LYONS,director,09/04/2002,ACTIVE,BRITISH,CHARTERED ACCOUNTANT
1971312,GIOVANNI ANTONIO PAGANO,director,05/07/2013,ACTIVE,ITALIAN/CANADIAN,NONE
1971312,ANTONIO GIOVANNI PAGANO,,15/07/2013,ACTIVE,ITALIAN CANADIAN,NONE
3828594,CHANTAL MARIE GOWER,secretary,21/03/2001,ACTIVE,BRITISH,ADMINISTRATOR
3828594,CLIVE ROYSTON WATSON,director,06/09/1999,ACTIVE,BRITISH,BUSINESSMAN
3828594,HELEN WATSON,director,01/02/2015,ACTIVE,BRITISH,NONE
940750,GEOFFREY RONALD BARBER,secretary,31/12/2006,ACTIVE,BRITISH,ACCOUNTANT
940750,GEOFFREY RONALD BARBER,director,18/12/2006,ACTIVE,BRITISH,ACCOUNTANT
940750,JOHN RHODES HORAM,director,03/06/1997,ACTIVE,BRITISH,ECONOMIST
940750,NICHOLAS DAVID MORGAN,director,05/11/2008,ACTIVE,BRITISH,GENERAL MANAGER
940750,ROBERT ABRAHAM PERLMAN,director,17/07/1992,ACTIVE,DUTCH,ECONOMIST
561597,STEVEN ERNEST ROBERT OVENS,secretary,01/11/1991,ACTIVE,BRITISH,NIL
561597,CAROLE GRAY BAMFORD,director,01/11/1991,ACTIVE,BRITISH,COMPANY DIRECTOR
561597,JOSEPH CYRIL EDWARD BAMFORD,director,15/05/2006,ACTIVE,BRITISH,COMPANY DIRECTOR
561597,MARK JOSEPH CYRIL BAMFORD,director,01/11/1991,ACTIVE,BRITISH,COMPANY DIRECTOR
561597,THE LORD BAMFORD DL,director,01/11/1991,ACTIVE,BRITISH,COMPANY DIRECTOR
561597,GRAEME ANGUS MACDONALD,director,02/01/2010,ACTIVE,BRITISH,COMPANY DIRECTOR
561597,MARK WILLIAM TURNER,director,01/01/2012,ACTIVE,BRITISH,COMPANY DIRECTOR
1004502,MARK BANNISTER,secretary,17/07/1991,ACTIVE,BRITISH,NIL
1004502,MARK BANNISTER,director,17/07/1991,ACTIVE,BRITISH,TRAVEL AGENT
1004502,NIKKI DAVIES,director,02/09/2010,ACTIVE,BRITISH,PR & MARKETING
1004502,GARETH DYER,director,01/03/1992,ACTIVE,BRITISH,TRAVEL AGENT
1004502,STEPHEN REGINALD GADD,director,01/09/2006,ACTIVE,BRITISH,TRAVEL AGENT
1004502,FIONA KATHLEEN GOOLEY,director,01/03/2008,ACTIVE,BRITISH,DIRECTOR
1004502,MICHAEL DAVID WILLIAM GOOLEY,director,17/07/1991,ACTIVE,UK,TRAVEL AGENT
1004502,TRISTAN PATRICK GOOLEY,director,01/09/2004,ACTIVE,BRITISH,TRAVEL AGENT
1004502,TOBY MICHAEL KELLY,director,01/03/2013,ACTIVE,BRITISH,SALES DIRECTOR
1004502,EDWIN ROBERT LEE,director,15/11/2001,ACTIVE,BRITISH,SOLICITOR
1004502,RUSSELL MCHARDY,director,01/06/2014,ACTIVE,BRITISH,TRAVEL AGENT
1004502,DAVID ANDREW NESS,director,28/04/2015,ACTIVE,UK,CRUISE DIRECTOR
1004502,JONATHAN DAVID NYE,director,12/03/2003,ACTIVE,BRITISH,TRAVEL AGENTS
1004502,NIGEL ORLANS,director,01/06/2014,ACTIVE,BRITISH,TRAVEL AGENT
1004502,MATTHEW CHARLES RAYMOND,director,01/01/1999,ACTIVE,BRITISH,SYSTEMS DIRECTOR
1004502,ANTHONY RUSSELL,director,17/07/1991,ACTIVE,BRITISH,TRAVEL AGENT
1004502,MARK WILLIAM WEST,director,01/03/2013,ACTIVE,BRITISH,PROPERTY DIRECTOR
4422774,THARSHINY PANKAYACHELVAN,secretary,27/04/2002,ACTIVE,BRITISH,OPERATIONS MANAGER
4422774,SELVANAYAGAM PANKAYACHELVAN,director,27/04/2002,ACTIVE,BRITISH,MANAGING DIRECTOR
4422774,THARSHINY PANKAYACHELVAN,director,27/04/2002,ACTIVE,BRITISH,HEAD TEACHER